{
  "visdat": {
    "329464d68d6": [
      "function () ",
      "plotlyVisDat"
    ]
  },
  "cur_data": "329464d68d6",
  "attrs": {
    "329464d68d6": {
      "alpha": 0.5,
      "alpha_stroke": 1,
      "sizes": [
        10,
        100
      ],
      "spans": [
        1,
        20
      ],
      "y": [
        2.39201877934272,
        1.83584569732938,
        1.82193158953722,
        1.6764107506157,
        1.87931844888367,
        1.73647711511789,
        1.68336494477296,
        1.85363744460058,
        1.98649638856904,
        1.55035217970683,
        1.64384645825089,
        1.6632931101596,
        1.70002736976553,
        1.44740518962076,
        1.5140221402214,
        2.42399609819542,
        1.78632764581242,
        1.89495798319328,
        1.61980300673924,
        1.82129084635681,
        1.70594492376788,
        1.36303418803419,
        1.49666319082377,
        1.33895074731668,
        1.48264677262407,
        1.53055077452668,
        1.32101997285243,
        1.42112211221122,
        1.49289967934036,
        1.55188948510104,
        1.5046503616948,
        1.52739273927393,
        1.49070975187536,
        1.89077340569878,
        1.43728463128877,
        1.43425460636516,
        1.52095396996761,
        1.37417964541091,
        1.57267648552565
      ],
      "x": [
        1,
        2,
        3,
        4,
        5,
        6,
        7,
        8,
        9,
        10,
        11,
        12,
        13,
        14,
        15,
        16,
        17,
        18,
        19,
        20,
        21,
        22,
        23,
        24,
        25,
        26,
        27,
        28,
        29,
        30,
        31,
        32,
        33,
        34,
        35,
        36,
        37,
        38,
        39
      ],
      "name": "2021/2019",
      "mode": "lines",
      "inherit": true
    },
    "329464d68d6.1": {
      "alpha": 0.5,
      "alpha_stroke": 1,
      "sizes": [
        10,
        100
      ],
      "spans": [
        1,
        20
      ],
      "y": [
        1.30570603105814,
        1.2746587537092,
        1.3030404650123,
        1.15890352286112,
        1.16122209165687,
        1.19070735090153,
        1.25025103202053,
        1.17154902172738,
        1.11137862451586,
        1.04407005520655,
        0.994261970716264,
        0.803036200856364,
        0.602591004470395,
        0.753393213572854,
        0.342619926199262,
        1.37571126646074,
        0.816215010594402,
        1.24667931688805,
        1.08989113530327,
        1.36330424193221,
        1.35976834889493,
        1.78247863247863,
        1.81272158498436,
        1.73568060989066,
        1.88506865607093,
        1.65942340791738,
        1.80444056622067,
        1.78195819581958,
        1.93231791113147,
        1.8590021691974,
        1.94557354460903,
        1.63212321232123,
        1.86462781304097,
        2.09701492537313,
        1.64713990351482,
        1.64771775544389,
        1.54941603690254,
        1.62474287393476,
        1.69659725749111,
        1.93320610687023,
        1.43437126848535,
        1.61676895870176,
        1.60025783419278,
        1.70522028084468,
        1.57611070648216,
        1.95816251445391,
        1.54214792299899,
        1.47197969543147,
        1.82674094707521,
        1.5467111534795,
        1.49245283018868,
        2.0856864654333
      ],
      "x": [
        1,
        2,
        3,
        4,
        5,
        6,
        7,
        8,
        9,
        10,
        11,
        12,
        13,
        14,
        15,
        16,
        17,
        18,
        19,
        20,
        21,
        22,
        23,
        24,
        25,
        26,
        27,
        28,
        29,
        30,
        31,
        32,
        33,
        34,
        35,
        36,
        37,
        38,
        39,
        40,
        41,
        42,
        43,
        44,
        45,
        46,
        47,
        48,
        49,
        50,
        51,
        52
      ],
      "name": "2020/2019",
      "mode": "lines",
      "inherit": true
    },
    "329464d68d6.2": {
      "alpha": 0.5,
      "alpha_stroke": 1,
      "sizes": [
        10,
        100
      ],
      "spans": [
        1,
        20
      ],
      "x": 1,
      "y": 1,
      "xend": 52,
      "yend": 1,
      "type": "scatter",
      "mode": "lines",
      "line": {
        "dash": "dash"
      },
      "showlegend": false,
      "inherit": true
    }
  },
  "layout": {
    "margin": {
      "b": 40,
      "l": 60,
      "t": 25,
      "r": 10
    },
    "title": {
      "text": "Ratio of company registrations<br><sup>(Same week of reference in 2019)</sup>"
    },
    "xaxis": {
      "domain": [
        0,
        1
      ],
      "automargin": true,
      "title": "Weeks",
      "showgrid": false
    },
    "yaxis": {
      "domain": [
        0,
        1
      ],
      "automargin": true,
      "title": "Ratio",
      "showgrid": false
    },
    "hovermode": "closest",
    "showlegend": true
  },
  "source": "A",
  "config": {
    "showSendToCloud": false
  },
  "data": [
    {
      "y": [
        2.39201877934272,
        1.83584569732938,
        1.82193158953722,
        1.6764107506157,
        1.87931844888367,
        1.73647711511789,
        1.68336494477296,
        1.85363744460058,
        1.98649638856904,
        1.55035217970683,
        1.64384645825089,
        1.6632931101596,
        1.70002736976553,
        1.44740518962076,
        1.5140221402214,
        2.42399609819542,
        1.78632764581242,
        1.89495798319328,
        1.61980300673924,
        1.82129084635681,
        1.70594492376788,
        1.36303418803419,
        1.49666319082377,
        1.33895074731668,
        1.48264677262407,
        1.53055077452668,
        1.32101997285243,
        1.42112211221122,
        1.49289967934036,
        1.55188948510104,
        1.5046503616948,
        1.52739273927393,
        1.49070975187536,
        1.89077340569878,
        1.43728463128877,
        1.43425460636516,
        1.52095396996761,
        1.37417964541091,
        1.57267648552565
      ],
      "x": [
        1,
        2,
        3,
        4,
        5,
        6,
        7,
        8,
        9,
        10,
        11,
        12,
        13,
        14,
        15,
        16,
        17,
        18,
        19,
        20,
        21,
        22,
        23,
        24,
        25,
        26,
        27,
        28,
        29,
        30,
        31,
        32,
        33,
        34,
        35,
        36,
        37,
        38,
        39
      ],
      "name": "2021/2019",
      "mode": "lines",
      "type": "scatter",
      "marker": {
        "color": "rgba(31,119,180,0.5)",
        "line": {
          "color": "rgba(31,119,180,1)"
        }
      },
      "error_y": {
        "color": "rgba(31,119,180,0.5)"
      },
      "error_x": {
        "color": "rgba(31,119,180,0.5)"
      },
      "line": {
        "color": "rgba(31,119,180,0.5)"
      },
      "xaxis": "x",
      "yaxis": "y",