"week","x","ratioTo2019","ratioTo2020"
1,13558,2.08328211432084,1.45503326894183
2,15846,1.61677379859198,1.16841173868161
3,16688,1.6044611095087,1.14994487320838
4,16012,1.46428898033836,1.1625644376679
5,16288,1.61715647339158,1.28769072653965
6,17844,1.50455311973019,1.1925416026198
7,15346,1.46082817705854,1.08161826895968
8,17464,1.61240882651648,1.2820437527529
