"","April 2021","April 2020","% change"
"Median",2890.5,1726,67.468134414832
"Mean",2259,1357.13333333333,66.4537996757872
