"","Oct 2021","Oct 2020","% change"
"Median",2568,2930,-12.3549488054608
"Mean",2028.64516129032,2342.96774193548,-13.4155744024672
