"","March 2021","March 2020","% change"
"Median",2985,2033,46.827348745696
"Mean",2559.8064516129,1728.16129032258,48.1231217217628
