,Total,Before,During,After,During,After,During,After,since first vaccine
Median,1151,998,964,1250.5,1260,1114,1295,1140,1212
Mean,920.9110251,800,815.5436893,1024.895161,978.1851852,915.9444444,1028.340206,942.6938776,953.3885714
