"","May 2021","May 2020","% change"
"Median",1098,1045,5.07177033492823
"Mean",887.516129032258,781.935483870968,13.5024752475247
