{
  "visdat": {
    "35204e31b43": [
      "function () ",
      "plotlyVisDat"
    ]
  },
  "cur_data": "35204e31b43",
  "attrs": {
    "35204e31b43": {
      "alpha": 0.5,
      "alpha_stroke": 1,
      "sizes": [
        10,
        100
      ],
      "spans": [
        1,
        20
      ],
      "y": [
        2.3757359500446,
        1.82478582326018,
        1.81539313399779,
        1.66705533177867,
        1.86685256186825,
        1.72541907656112,
        1.67399469730446,
        1.82692103868574,
        1.94291539245668,
        1.51257396449704,
        1.60232513451191,
        1.61995092487731,
        1.62446817747677,
        1.35736940298507,
        1.4177574922494,
        2.26278366111952,
        1.64500613999181,
        1.77873526802687,
        1.50898088560177,
        1.68802619270346,
        1.64951622083096,
        1.33492972410203,
        1.46830161799125,
        1.31738233271102,
        1.45599915281161,
        1.50618197189052,
        1.28143487651423,
        1.34212987012987,
        1.41152263374486,
        1.46071159840912,
        1.40903711672942,
        1.42486142475878,
        1.39909002274943,
        1.8261040492727
      ],
      "x": [
        1,
        2,
        3,
        4,
        5,
        6,
        7,
        8,
        9,
        10,
        11,
        12,
        13,
        14,
        15,
        16,
        17,
        18,
        19,
        20,
        21,
        22,
        23,
        24,
        25,
        26,
        27,
        28,
        29,
        30,
        31,
        32,
        33,
        34
      ],
      "name": "2021/2019",
      "mode": "lines",
      "inherit": true
    },
    "35204e31b43.1": {
      "alpha": 0.5,
      "alpha_stroke": 1,
      "sizes": [
        10,
        100
      ],
      "spans": [
        1,
        20
      ],
      "y": [
        1.30294380017841,
        1.27778429761765,
        1.30299003322259,
        1.15815136739453,
        1.16056698036482,
        1.18772669346143,
        1.25110472823685,
        1.27885532591415,
        1.30907237512742,
        1.26987795857988,
        1.21733282090699,
        0.995186862967157,
        0.749674394373535,
        0.863339552238806,
        0.416035136066138,
        1.69682299546142,
        0.976668031109292,
        1.36471930046889,
        1.03957352799923,
        1.29186155285313,
        1.34604439385316,
        1.78698594482041,
        1.80685865472677,
        1.73184632013363,
        1.88192311765329,
        1.65507767092888,
        1.7719034651141,
        1.70088311688312,
        1.84340480831709,
        1.7636246372138,
        1.83647122108661,
        1.53233422295217,
        1.76102264110064,
        2.03839601624951,
        1.62652095538531,
        1.62288526607198,
        1.53100327363759,
        1.60413262854397,
        1.67664371944528,
        1.91806366547372,
        1.42784534398257,
        1.59895726845226,
        1.59473787551541,
        1.69402668926075,
        1.56598723491867,
        1.95064556434819,
        1.53243892671205,
        1.46425339366516,
        1.82137725212778,
        1.54923569143263,
        1.49078468160247,
        2.06555804285257
      ],
      "x": [
        1,
        2,
        3,
        4,
        5,
        6,
        7,
        8,
        9,
        10,
        11,
        12,
        13,
        14,
        15,
        16,
        17,
        18,
        19,
        20,
        21,
        22,
        23,
        24,
        25,
        26,
        27,
        28,
        29,
        30,
        31,
        32,
        33,
        34,
        35,
        36,
        37,
        38,
        39,
        40,
        41,
        42,
        43,
        44,
        45,
        46,
        47,
        48,
        49,
        50,
        51,
        52
      ],
      "name": "2020/2019",
      "mode": "lines",
      "inherit": true
    },
    "35204e31b43.2": {
      "alpha": 0.5,
      "alpha_stroke": 1,
      "sizes": [
        10,
        100
      ],
      "spans": [
        1,
        20
      ],
      "x": 1,
      "y": 1,
      "xend": 52,
      "yend": 1,
      "type": "scatter",
      "mode": "lines",
      "line": {
        "dash": "dash"
      },
      "showlegend": false,
      "inherit": true
    }
  },
  "layout": {
    "margin": {
      "b": 40,
      "l": 60,
      "t": 25,
      "r": 10
    },
    "title": {
      "text": "Ratio of company registrations<br><sup>(Same week of reference in 2019)</sup>"
    },
    "xaxis": {
      "domain": [
        0,
        1
      ],
      "automargin": true,
      "title": "Weeks",
      "showgrid": false
    },
    "yaxis": {
      "domain": [
        0,
        1
      ],
      "automargin": true,
      "title": "Ratio",
      "showgrid": false
    },
    "hovermode": "closest",
    "showlegend": true
  },
  "source": "A",
  "config": {
    "showSendToCloud": false
  },
  "data": [
    {
      "y": [
        2.3757359500446,
        1.82478582326018,
        1.81539313399779,
        1.66705533177867,
        1.86685256186825,
        1.72541907656112,
        1.67399469730446,
        1.82692103868574,
        1.94291539245668,
        1.51257396449704,
        1.60232513451191,
        1.61995092487731,
        1.62446817747677,
        1.35736940298507,
        1.4177574922494,
        2.26278366111952,
        1.64500613999181,
        1.77873526802687,
        1.50898088560177,
        1.68802619270346,
        1.64951622083096,
        1.33492972410203,
        1.46830161799125,
        1.31738233271102,
        1.45599915281161,
        1.50618197189052,
        1.28143487651423,
        1.34212987012987,
        1.41152263374486,
        1.46071159840912,
        1.40903711672942,
        1.42486142475878,
        1.39909002274943,
        1.8261040492727
      ],
      "x": [
        1,
        2,
        3,
        4,
        5,
        6,
        7,
        8,
        9,
        10,
        11,
        12,
        13,
        14,
        15,
        16,
        17,
        18,
        19,
        20,
        21,
        22,
        23,
        24,
        25,
        26,
        27,
        28,
        29,
        30,
        31,
        32,
        33,
        34
      ],
      "name": "2021/2019",
      "mode": "lines",
      "type": "scatter",
      "marker": {
        "color": "rgba(31,119,180,0.5)",
        "line": {
          "color": "rgba(31,119,180,1)"
        }
      },
      "error_y": {
        "color": "rgba(31,119,180,0.5)"
      },
      "error_x": {
        "color": "rgba(31,119,180,0.5)"
      },
      "line": {
        "color": "rgba(31,119,180,0.5)"
      },
      "xaxis": "x",
      "yaxis": "y",