{
  "visdat": {
    "30a03f279cc": [
      "function () ",
      "plotlyVisDat"
    ]
  },
  "cur_data": "30a03f279cc",
  "attrs": {
    "30a03f279cc": {
      "x": [
        1,
        2,
        3,
        4,
        5,
        6,
        7,
        8,
        9,
        10,
        11,
        12,
        13,
        14,
        15,
        16,
        17,
        18,
        19,
        20,
        1,
        2,
        3,
        4,
        5,
        6,
        7,
        8,
        9,
        10,
        11,
        12,
        13,
        14,
        15,
        16,
        17,
        18,
        19,
        20,
        1,
        2,
        3,
        4,
        5,
        6,
        7,
        8,
        9,
        10,
        11,
        12,
        13,
        14,
        15,
        16,
        17,
        18,
        19,
        20,
        1,
        2,
        3,
        4,
        5,
        6,
        7,
        8,
        9,
        10,
        11,
        12,
        13,
        14,
        15,
        16,
        17,
        18,
        19,
        20
      ],
      "y": [
        92.1639854696419,
        58.3511016346837,
        49.9032882011605,
        36.8341859765272,
        53.1208053691275,
        46.589928057554,
        45.3604806408545,
        59.2427616926503,
        71.59375,
        28.4651419123725,
        41.6933372126855,
        42.2406639004149,
        43.1993611924408,
        20.6408775981524,
        24.8899889988999,
        88.8633225954901,
        48.9162083468133,
        58.476266453929,
        36.1715160796325,
        50.1600232761129,
        73.8095238095238,
        64.406779661017,
        118.181818181818,
        19.2982456140351,
        68.75,
        35.6164383561644,
        39.1304347826087,
        40.7894736842105,
        85,
        18.1818181818182,
        71.4285714285714,
        75.7575757575758,
        95.774647887324,
        -17.7777777777778,
        58.1081081081081,
        106.976744186047,
        20.3125,
        34.6153846153846,
        13.0434782608696,
        9.33333333333333,
        83.8983050847458,
        40.7894736842105,
        28.0851063829787,
        41.5929203539823,
        46.6960352422908,
        39.2561983471074,
        37.6623376623377,
        38.0782918149466,
        44.047619047619,
        27.4509803921569,
        12.3333333333333,
        29.1512915129151,
        27.2131147540984,
        32.2097378277153,
        43.6123348017621,
        91.5151515151515,
        32.4626865671642,
        60.1190476190476,
        27.3722627737226,
        58.421052631579,
        137.301587301587,
        59.2783505154639,
        52.5114155251142,
        30.379746835443,
        82.1621621621622,
        59.0697674418605,
        39.4366197183098,
        76.1421319796954,
        61.2244897959184,
        10.727969348659,
        44.954128440367,
        40.8333333333333,
        41.9354838709678,
        5.13833992094861,
        33.3333333333333,
        138.095238095238,
        53.4031413612565,
        50.8108108108108,
        31.390134529148,
        37.890625
      ],
      "mode": "line",
      "color": [
        "England (excl. Ldn)",
        "England (excl. Ldn)",
        "England (excl. Ldn)",
        "England (excl. Ldn)",
        "England (excl. Ldn)",
        "England (excl. Ldn)",
        "England (excl. Ldn)",
        "England (excl. Ldn)",
        "England (excl. Ldn)",
        "England (excl. Ldn)",
        "England (excl. Ldn)",
        "England (excl. Ldn)",
        "England (excl. Ldn)",
        "England (excl. Ldn)",
        "England (excl. Ldn)",
        "England (excl. Ldn)",
        "England (excl. Ldn)",
        "England (excl. Ldn)",
        "England (excl. Ldn)",
        "England (excl. Ldn)",
        "Northern Ireland",
        "Northern Ireland",
        "Northern Ireland",
        "Northern Ireland",
        "Northern Ireland",
        "Northern Ireland",
        "Northern Ireland",
        "Northern Ireland",
        "Northern Ireland",
        "Northern Ireland",
        "Northern Ireland",
        "Northern Ireland",
        "Northern Ireland",
        "Northern Ireland",
        "Northern Ireland",
        "Northern Ireland",
        "Northern Ireland",
        "Northern Ireland",
        "Northern Ireland",
        "Northern Ireland",
        "Scotland",
        "Scotland",
        "Scotland",
        "Scotland",
        "Scotland",
        "Scotland",
        "Scotland",
        "Scotland",
        "Scotland",
        "Scotland",
        "Scotland",
        "Scotland",
        "Scotland",
        "Scotland",
        "Scotland",
        "Scotland",
        "Scotland",
        "Scotland",
        "Scotland",
        "Scotland",
        "Wales",
        "Wales",
        "Wales",
        "Wales",
        "Wales",
        "Wales",
        "Wales",
        "Wales",
        "Wales",
        "Wales",
        "Wales",
        "Wales",
        "Wales",
        "Wales",
        "Wales",
        "Wales",
        "Wales",
        "Wales",
        "Wales",
        "Wales"
      ],
      "alpha": 0.5,
      "alpha_stroke": 1,
      "sizes": [
        10,
        100
      ],
      "spans": [
        1,
        20
      ],
      "type": "scatter"
    },
    "30a03f279cc.1": {
      "x": [
        1,
        2,
        3,
        4,
        5,
        6,
        7,
        8,
        9,
        10,
        11,
        12,
        13,
        14,
        15,
        16,
        17,
        18,
        19,
        20
      ],
      "y": [
        207.240704500978,
        123.192019950125,
        109.184845005741,
        109.334889148191,
        129.675810473815,
        108.686440677966,
        107.75,
        138,
        132.745314222712,
        100.108932461874,
        119.397590361446,
        103.205128205128,
        104.541154210028,
        78.8590604026845,
        90.9353905496625,
        179.707792207792,
        112.224669603524,
        117.662682602922,
        82.5949367088608,
        112.574850299401
      ],
      "mode": "lines + markers",
      "color": [
        "London",
        "London",
        "London",
        "London",
        "London",
        "London",
        "London",
        "London",
        "London",
        "London",
        "London",
        "London",
        "London",
        "London",
        "London",
        "London",
        "London",
        "London",
        "London",
        "London"
      ],
      "alpha": 0.5,
      "alpha_stroke": 1,
      "sizes": [
        10,
        100
      ],
      "spans": [
        1,
        20
      ],
      "type": "scatter",
      "name": "London",
      "inherit": true
    }
  },
  "layout": {
    "margin": {
      "b": 40,
      "l": 60,
      "t": 25,
      "r": 10
    },
    "title": {
      "text": "Change of company registrations in May by Country<br><sup>(Same week of reference in 2019)</sup>"
    },
    "xaxis": {
      "domain": [
        0,
        1
      ],
      "automargin": true,
      "title": "Weeks",
      "showgrid": false
    },
    "yaxis": {
      "domain": [
        0,
        1
      ],
      "automargin": true,
      "title": "% change",
      "showgrid": false
    },
    "hovermode": "closest",
    "showlegend": true
  },
  "source": "A",
  "config": {
    "showSendToCloud": false
  },
  "data": [
    {
      "x": [
        1,
        2,
        3,
        4,
        5,
        6,
        7,
        8,
        9,
        10,
        11,
        12,
        13,
        14,
        15,
        16,
        17,
        18,
        19,
        20
      ],