{
  "visdat": {
    "2cec2954da0": [
      "function () ",
      "plotlyVisDat"
    ]
  },
  "cur_data": "2cec2954da0",
  "attrs": {
    "2cec2954da0": {
      "alpha": 0.5,
      "alpha_stroke": 1,
      "sizes": [
        10,
        100
      ],
      "spans": [
        1,
        20
      ],
      "y": [
        2.13229510775523,
        1.65168890742285,
        1.63627450980392,
        1.4948193783254,
        1.65977386166853,
        1.53968253968254,
        1.48980780430984,
        1.65229314420804,
        1.77669096613454,
        1.36924868957484,
        1.44529700836279,
        1.46598639455782
      ],
      "x": [
        1,
        2,
        3,
        4,
        5,
        6,
        7,
        8,
        9,
        10,
        11,
        12
      ],
      "name": "2021/2019",
      "mode": "lines",
      "inherit": true
    },
    "2cec2954da0.1": {
      "alpha": 0.5,
      "alpha_stroke": 1,
      "sizes": [
        10,
        100
      ],
      "spans": [
        1,
        20
      ],
      "y": [
        1.47674038566293,
        1.18434626597892,
        1.16477074464373,
        1.17559829687271,
        1.30237391095836,
        1.20383110751383,
        1.09160739687055,
        1.29439217719831,
        1.41552712836348,
        1.14039221121197,
        1.26740757541393,
        1.55947535052013
      ],
      "x": [
        1,
        2,
        3,
        4,
        5,
        6,
        7,
        8,
        9,
        10,
        11,
        12
      ],
      "name": "2021/2020",
      "mode": "lines",
      "inherit": true
    },
    "2cec2954da0.2": {
      "alpha": 0.5,
      "alpha_stroke": 1,
      "sizes": [
        10,
        100
      ],
      "spans": [
        1,
        20
      ],
      "y": [
        1.44392008809187,
        1.39459966638866,
        1.40480392156863,
        1.27153925137683,
        1.27442192115718,
        1.27898550724638,
        1.36478353717725,
        1.2765011820331,
        1.25514441266033,
        1.20068225309926,
        1.14035692732132,
        0.940051020408163,
        0.727069886046697,
        0.858192440470921,
        0.412835093419984,
        1.67619586753467,
        0.96515780330084,
        1.34035423647678,
        1.02808526209862,
        1.27462526766595,
        1.33282376064643,
        1.76632062287882,
        1.79099488792764,
        1.7113763379748,
        1.86371066612178,
        1.63229750382068,
        1.73191527553402,
        1.64862737380695,
        1.7923829130211,
        1.72436819395932,
        1.78776720875524,
        1.49372917891436,
        1.723611831863,
        2.00746363061354,
        1.59633921802231,
        1.60555004955401,
        1.51824545030331,
        1.57991079724958,
        1.64847959969207,
        1.86504225858659,
        1.19754006708908,
        1.35413482764476,
        1.34856630824373,
        1.43337713534823,
        1.31911277300926,
        1.59896051638863,
        1.25662358642973,
        1.19539393939394,
        1.46308256240182,
        1.27780979827089,
        1.24256665160416,
        1.59927536231884,
        5.70340681362725
      ],
      "x": [
        1,
        2,
        3,
        4,
        5,
        6,
        7,
        8,
        9,
        10,
        11,
        12,
        13,
        14,
        15,
        16,
        17,
        18,
        19,
        20,
        21,
        22,
        23,
        24,
        25,
        26,
        27,
        28,
        29,
        30,
        31,
        32,
        33,
        34,
        35,
        36,
        37,
        38,
        39,
        40,
        41,
        42,
        43,
        44,
        45,
        46,
        47,
        48,
        49,
        50,
        51,
        52,
        53
      ],
      "name": "2020/2019",
      "mode": "lines",
      "inherit": true
    },
    "2cec2954da0.3": {
      "alpha": 0.5,
      "alpha_stroke": 1,
      "sizes": [
        10,
        100
      ],
      "spans": [
        1,
        20
      ],
      "x": 1,
      "y": 1,
      "xend": 53,
      "yend": 1,
      "type": "scatter",
      "mode": "lines",
      "line": {
        "dash": "dash"
      },
      "showlegend": false,
      "inherit": true
    }
  },
  "layout": {
    "margin": {
      "b": 40,
      "l": 60,
      "t": 25,
      "r": 10
    },
    "title": {
      "text": "Company registrations Ratio<br><sup>(Same week of reference in 2019)</sup>"
    },
    "xaxis": {
      "domain": [
        0,
        1
      ],
      "automargin": true,
      "title": "Weeks",
      "showgrid": false
    },
    "yaxis": {
      "domain": [
        0,
        1
      ],
      "automargin": true,
      "title": "Ratio",
      "showgrid": false
    },
    "hovermode": "closest",
    "showlegend": true
  },
  "source": "A",
  "config": {
    "showSendToCloud": false
  },
  "data": [
    {
      "y": [
        2.13229510775523,
        1.65168890742285,
        1.63627450980392,
        1.4948193783254,
        1.65977386166853,
        1.53968253968254,
        1.48980780430984,
        1.65229314420804,
        1.77669096613454,
        1.36924868957484,
        1.44529700836279,
        1.46598639455782
      ],
      "x": [
        1,
        2,
        3,
        4,
        5,
        6,
        7,
        8,
        9,
        10,
        11,
        12
      ],
      "name": "2021/2019",
      "mode": "lines",
      "type": "scatter",
      "marker": {
        "color": "rgba(31,119,180,0.5)",
        "line": {
          "color": "rgba(31,119,180,1)"
        }
      },
      "error_y": {
        "color": "rgba(31,119,180,0.5)"
      },
      "error_x": {
        "color": "rgba(31,119,180,0.5)"
      },
      "line": {
        "color": "rgba(31,119,180,0.5)"
      },
      "xaxis": "x",
      "yaxis": "y",
      "frame": null
    },
    {
      "y": [
        1.47674038566293,
        1.18434626597892,
        1.16477074464373,
        1.17559829687271,
        1.30237391095836,
        1.20383110751383,
        1.09160739687055,
        1.29439217719831,
        1.41552712836348,
        1.14039221121197,
        1.26740757541393,
        1.55947535052013
      ],
      "x": [
        1,
        2,
        3,
        4,
        5,
        6,
        7,
        8,
        9,
        10,
        11,
        12
      ],
      "name": "2021/2020",
      "mode": "lines",
      "type": "scatter",
      "marker": {
        "color": "rgba(255,127,14,0.5)",
        "line": {
          "color": "rgba(255,127,14,1)"
        }
      },
      "error_y": {
        "color": "rgba(255,127,14,0.5)"
      },
      "error_x": {
        "color": "rgba(255,127,14,0.5)"
      },
      "line": {
        "color": "rgba(255,127,14,0.5)"
      },
      "xaxis": "x",
      "yaxis": "y",