{
  "data": [
    {
      "x": [
        1,
        2,
        3,
        4,
        5,
        6,
        7,
        8,
        9,
        10,
        11,
        12,
        13,
        14,
        15,
        16,
        17,
        18,
        19,
        20,
        21,
        22,
        23,
        24,
        25,
        26,
        27,
        28,
        29,
        30,
        31,
        32,
        33,
        34,
        35,
        36,
        37,
        38,
        39,
        40,
        41,
        42,
        43,
        44,
        45,
        46,
        47,
        48,
        49,
        50,
        51,
        52,
        53
      ],
      "y": [
        1.42324093816631,
        1.37445690613317,
        1.38546528240785,
        1.13777191825972,
        1.12732119058196,
        1.08483884954473,
        1.16684448091916,
        1.18436578171091,
        1.17086453369639,
        1.13289371605896,
        1.02135937142421,
        0.788361279413837,
        0.614259111465815,
        0.738957032131838,
        0.352655018842069,
        1.44752379804796,
        0.820051830255912,
        1.15805037218313,
        0.847271914132379,
        1.09599332220367,
        1.13747697974217,
        1.48753324468085,
        1.55257610253816,
        1.4652805651441,
        1.61369599440266,
        1.40360610263523,
        1.48809523809524,
        1.4024016563147,
        1.52663081193616,
        1.44522124648308,
        1.49276343630978,
        1.23236448074305,
        1.37537931600098,
        1.67344809598331,
        1.29938971229294,
        1.34578670177749,
        1.29080911233307,
        1.31679975429975,
        1.37909018355946,
        1.58756633813495,
        1.16849078341014,
        1.30894176886218,
        1.29510738931534,
        1.38466700218084,
        1.28699514682899,
        1.56644382846894,
        1.22958022754021,
        1.1675569520817,
        1.43697192114022,
        1.25420701325562,
        1.21874170427396,
        1.56509433962264,
        5.55750487329435
      ],
      "text": [
        "week:  1<br />ratio: 1.4232409",
        "week:  2<br />ratio: 1.3744569",
        "week:  3<br />ratio: 1.3854653",
        "week:  4<br />ratio: 1.1377719",
        "week:  5<br />ratio: 1.1273212",
        "week:  6<br />ratio: 1.0848388",
        "week:  7<br />ratio: 1.1668445",
        "week:  8<br />ratio: 1.1843658",
        "week:  9<br />ratio: 1.1708645",
        "week: 10<br />ratio: 1.1328937",
        "week: 11<br />ratio: 1.0213594",
        "week: 12<br />ratio: 0.7883613",
        "week: 13<br />ratio: 0.6142591",
        "week: 14<br />ratio: 0.7389570",
        "week: 15<br />ratio: 0.3526550",
        "week: 16<br />ratio: 1.4475238",
        "week: 17<br />ratio: 0.8200518",
        "week: 18<br />ratio: 1.1580504",
        "week: 19<br />ratio: 0.8472719",
        "week: 20<br />ratio: 1.0959933",
        "week: 21<br />ratio: 1.1374770",
        "week: 22<br />ratio: 1.4875332",
        "week: 23<br />ratio: 1.5525761",
        "week: 24<br />ratio: 1.4652806",
        "week: 25<br />ratio: 1.6136960",
        "week: 26<br />ratio: 1.4036061",
        "week: 27<br />ratio: 1.4880952",
        "week: 28<br />ratio: 1.4024017",
        "week: 29<br />ratio: 1.5266308",
        "week: 30<br />ratio: 1.4452212",
        "week: 31<br />ratio: 1.4927634",
        "week: 32<br />ratio: 1.2323645",
        "week: 33<br />ratio: 1.3753793",
        "week: 34<br />ratio: 1.6734481",
        "week: 35<br />ratio: 1.2993897",
        "week: 36<br />ratio: 1.3457867",
        "week: 37<br />ratio: 1.2908091",
        "week: 38<br />ratio: 1.3167998",
        "week: 39<br />ratio: 1.3790902",
        "week: 40<br />ratio: 1.5875663",
        "week: 41<br />ratio: 1.1684908",
        "week: 42<br />ratio: 1.3089418",
        "week: 43<br />ratio: 1.2951074",
        "week: 44<br />ratio: 1.3846670",
        "week: 45<br />ratio: 1.2869951",
        "week: 46<br />ratio: 1.5664438",
        "week: 47<br />ratio: 1.2295802",
        "week: 48<br />ratio: 1.1675570",
        "week: 49<br />ratio: 1.4369719",
        "week: 50<br />ratio: 1.2542070",
        "week: 51<br />ratio: 1.2187417",
        "week: 52<br />ratio: 1.5650943",
        "week: 53<br />ratio: 5.5575049"
      ],
      "type": "scatter",
      "mode": "lines",
      "line": {
        "width": 1.88976377952756,
        "color": "rgba(0,0,0,1)",
        "dash": "solid"
      },
      "hoveron": "points",
      "showlegend": false,
      "xaxis": "x",
      "yaxis": "y",
      "hoverinfo": "text",
      "frame": null
    },
    {
      "x": [
        -2.75,
        -2.75,
        -2.75,
        -2.75,
        -2.75,
        -2.75,
        -2.75,
        -2.75,
        -2.75,
        -2.75,
        -2.75,
        -2.75,
        -2.75,
        -2.75,
        -2.75,
        -2.75,
        -2.75,
        -2.75,
        -2.75,
        -2.75,
        -2.75,
        -2.75,
        -2.75,
        -2.75,
        -2.75,
        -2.75,
        -2.75,
        -2.75,
        -2.75,
        -2.75,
        -2.75,
        -2.75,
        -2.75,
        -2.75,
        -2.75,
        -2.75,
        -2.75,
        -2.75,
        -2.75,
        -2.75,
        -2.75,
        -2.75,
        -2.75,
        -2.75,
        -2.75,
        -2.75,
        -2.75,
        -2.75,
        -2.75,
        -2.75,
        -2.75,
        -2.75,
        -2.75,
        57.75,
        57.75,
        57.75,
        57.75,
        57.75,
        57.75,
        57.75,
        57.75,
        57.75,
        57.75,
        57.75,
        57.75,
        57.75,
        57.75,
        57.75,
        57.75,
        57.75,
        57.75,
        57.75,
        57.75,
        57.75,
        57.75,
        57.75,
        57.75,
        57.75,
        57.75,
        57.75,
        57.75,
        57.75,
        57.75,
        57.75,
        57.75,
        57.75,
        57.75,
        57.75,
        57.75,
        57.75,
        57.75,
        57.75,
        57.75,
        57.75,
        57.75,
        57.75,
        57.75,
        57.75,
        57.75,
        57.75,
        57.75,
        57.75,
        57.75,
        57.75,
        57.75,
        57.75
      ],
      "y": [
        1,
        1,
        1,
        1,
        1,
        1,
        1,
        1,
        1,
        1,
        1,
        1,
        1,
        1,
        1,
        1,
        1,
        1,
        1,
        1,
        1,
        1,
        1,
        1,
        1,
        1,
        1,
        1,
        1,
        1,
        1,
        1,
        1,
        1,
        1,
        1,
        1,
        1,
        1,
        1,
        1,
        1,
        1,
        1,
        1,
        1,
        1,
        1,
        1,
        1,
        1,
        1,
        1,
        1,
        1,
        1,
        1,
        1,
        1,
        1,
        1,
        1,
        1,
        1,
        1,
        1,
        1,
        1,
        1,
        1,
        1,
        1,
        1,
        1,
        1,
        1,
        1,
        1,
        1,
        1,
        1,
        1,
        1,
        1,
        1,
        1,
        1,
        1,
        1,
        1,
        1,
        1,
        1,
        1,
        1,
        1,
        1,
        1,
        1,
        1,
        1,
        1,
        1,
        1,
        1,
        1
      ],
      "text": "yintercept: 1",
      "type": "scatter",
      "mode": "lines",
      "line": {
        "width": 1.88976377952756,
        "color": "rgba(190,190,190,1)",
        "dash": "solid"
      },
      "hoveron": "points",
      "showlegend": false,
      "xaxis": "x",
      "yaxis": "y",
      "hoverinfo": "text",
      "frame": null
    },
    {
      "x": [
        12,
        12,
        null,
        27,
        27,
        null,
        45,
        45,
        null,
        49,
        49,
        null,
        51,
        51
      ],