{
  "visdat": {
    "fa43ad71444": [
      "function () ",
      "plotlyVisDat"
    ]
  },
  "cur_data": "fa43ad71444",
  "attrs": {
    "fa43ad71444": {
      "alpha": 0.5,
      "alpha_stroke": 1,
      "sizes": [
        10,
        100
      ],
      "spans": [
        1,
        20
      ],
      "y": [
        2.30835077040137,
        2.00595459620394,
        1.85657230118642,
        1.78896505225306,
        2.08078575813382,
        1.75685425685426,
        1.90675613142064,
        1.86513565236969,
        null,
        null,
        null,
        null,
        null,
        null,
        null,
        null,
        null,
        null,
        null,
        null,
        null,
        null,
        null,
        null,
        null,
        null,
        null,
        null,
        null,
        null,
        null,
        null,
        null,
        null,
        null,
        null,
        null,
        null,
        null,
        null,
        null,
        null,
        null,
        null,
        null,
        null,
        null,
        null,
        null,
        null,
        null
      ],
      "x": [
        1,
        2,
        3,
        4,
        5,
        6,
        7,
        8,
        10,
        11,
        12,
        13,
        14,
        15,
        16,
        17,
        18,
        19,
        20,
        21,
        22,
        23,
        24,
        25,
        26,
        27,
        28,
        29,
        30,
        31,
        32,
        33,
        34,
        35,
        36,
        37,
        38,
        39,
        40,
        41,
        42,
        43,
        44,
        45,
        46,
        47,
        48,
        49,
        50,
        51,
        52
      ],
      "name": "ratio22_19",
      "mode": "lines",
      "inherit": true
    },
    "fa43ad71444.1": {
      "alpha": 0.5,
      "alpha_stroke": 1,
      "sizes": [
        10,
        100
      ],
      "spans": [
        1,
        20
      ],
      "y": [
        2.45463191934563,
        1.8795434809577,
        1.87313520498062,
        1.72176649061692,
        1.9219152854512,
        1.76953205524634,
        1.71378991207774,
        1.89417989417989,
        2.01701343736454,
        1.57540854498917,
        1.67679359540183,
        1.6995855655514,
        1.72391426959955,
        1.47782383419689,
        1.54299636919549,
        2.46469401479489,
        1.82068486811661,
        1.96166999145056,
        1.69831969931461,
        1.90620957309185,
        1.84596386325231,
        1.49922480620155,
        1.64856976065382,
        1.47234997195738,
        1.62197617041762,
        1.66050479914682,
        1.43709176571367,
        1.49487813493465,
        1.57410583047526,
        1.62788144895719,
        1.58591826686361,
        1.61713947990544,
        1.57611792394401,
        2.06067415730337,
        1.61244953770022,
        1.60822664770033,
        1.69932469832835,
        1.55829320192631,
        1.77097479571872,
        1.47967565290649,
        1.41913991520291,
        1.91328606300128,
        1.64314471035563,
        1.78266133914517,
        1.82359105728924,
        1.81517919887561,
        1.55467869222097,
        1.53343088698784,
        1.82833518449957,
        1.80758556891767,
        1.49079680310002,
        2.40531682447196
      ],
      "x": [
        1,
        2,
        3,
        4,
        5,
        6,
        7,
        8,
        9,
        10,
        11,
        12,
        13,
        14,
        15,
        16,
        17,
        18,
        19,
        20,
        21,
        22,
        23,
        24,
        25,
        26,
        27,
        28,
        29,
        30,
        31,
        32,
        33,
        34,
        35,
        36,
        37,
        38,
        39,
        40,
        41,
        42,
        43,
        44,
        45,
        46,
        47,
        48,
        49,
        50,
        51,
        52
      ],
      "name": "ratio21_19",
      "mode": "lines",
      "inherit": true
    },
    "fa43ad71444.2": {
      "alpha": 0.5,
      "alpha_stroke": 1,
      "sizes": [
        10,
        100
      ],
      "spans": [
        1,
        20
      ],
      "y": [
        1.237017310253,
        1.19935491874457,
        1.26054269940092,
        1.15350039330262,
        1.15702885205648,
        1.18996083281798,
        1.24583526145303,
        1.1708882134414,
        1.108040745557,
        1.03740893876747,
        0.990967874371343,
        0.802789851410088,
        0.590336529422824,
        0.685181347150259,
        0.32982992547296,
        1.34801613987895,
        0.798588616381305,
        1.0988885722428,
        0.854631881494583,
        1.02210004312204,
        1.07487326140647,
        1.43577817531306,
        1.48021015761821,
        1.38238923163208,
        1.50186544710555,
        1.30987083777699,
        1.43173787343399,
        1.36276933945602,
        1.48603625673689,
        1.40980607391145,
        1.50997045790251,
        1.25236406619385,
        1.44766505636071,
        1.64494382022472,
        1.34626904544863,
        1.35372214319583,
        1.27543451787889,
        1.34763131369694,
        1.40568534929221,
        2.01421651221567,
        1.49364021804967,
        1.72253864930838,
        1.70431670767166,
        1.83605763409614,
        1.69562179785748,
        2.10599672054345,
        1.6554678692221,
        1.58003151733453,
        1.9675428853511,
        1.67556495308577,
        1.58767255994187,
        2.28914785142025
      ],
      "x": [
        1,
        2,
        3,
        4,
        5,
        6,
        7,
        8,
        9,
        10,
        11,
        12,
        13,
        14,
        15,
        16,
        17,
        18,
        19,
        20,
        21,
        22,
        23,
        24,
        25,
        26,
        27,
        28,
        29,
        30,
        31,
        32,
        33,
        34,
        35,
        36,
        37,
        38,
        39,
        40,
        41,
        42,
        43,
        44,
        45,
        46,
        47,
        48,
        49,
        50,
        51,
        52
      ],
      "name": "ratio20_19",
      "mode": "lines",
      "inherit": true
    },
    "fa43ad71444.3": {
      "alpha": 0.5,
      "alpha_stroke": 1,
      "sizes": [
        10,
        100
      ],
      "spans": [
        1,
        20
      ],
      "x": 1,
      "y": 1,
      "xend": 52,
      "yend": 1,
      "type": "scatter",
      "mode": "lines",
      "line": {
        "dash": "dash"
      },
      "showlegend": false,
      "inherit": true
    }
  },
  "layout": {
    "margin": {
      "b": 40,
      "l": 60,
      "t": 25,
      "r": 10
    },
    "title": {
      "text": "Ratio of company registrations<br><sup>(Same week of reference in 2019)</sup>"
    },
    "xaxis": {
      "domain": [
        0,
        1
      ],
      "automargin": true,
      "title": "Weeks",
      "showgrid": false
    },
    "yaxis": {
      "domain": [
        0,
        1
      ],
      "automargin": true,
      "title": "Ratio",
      "showgrid": false
    },
    "hovermode": "closest",
    "showlegend": true
  },
  "source": "A",
  "config": {
    "modeBarButtonsToAdd": [
      "hoverclosest",
      "hovercompare"
    ],
    "showSendToCloud": false
  },