{
  "visdat": {
    "46b4319f3a0": [
      "function () ",
      "plotlyVisDat"
    ]
  },
  "cur_data": "46b4319f3a0",
  "attrs": {
    "46b4319f3a0": {
      "x": [
        1,
        2,
        3,
        4,
        5,
        6,
        7,
        8,
        9,
        10,
        11,
        12,
        13,
        14,
        15,
        16,
        17,
        1,
        2,
        3,
        4,
        5,
        6,
        7,
        8,
        9,
        10,
        11,
        12,
        13,
        14,
        15,
        16,
        17,
        1,
        2,
        3,
        4,
        5,
        6,
        7,
        8,
        9,
        10,
        11,
        12,
        13,
        14,
        15,
        16,
        17,
        1,
        2,
        3,
        4,
        5,
        6,
        7,
        8,
        9,
        10,
        11,
        12,
        13,
        14,
        15,
        16,
        17
      ],
      "y": [
        98.5014538134646,
        56.0895029283676,
        54.6629603891591,
        37.0201096892139,
        54.9695740365111,
        46.1921535284829,
        37.69325489123,
        56.8047337278106,
        70.0454840805718,
        27.2895253493475,
        36.3669021674051,
        37.4494408755651,
        40.3565821933169,
        21.592039800995,
        23.7268651569146,
        90.2653101934969,
        43.2780082987552,
        56.25,
        67.5213675213675,
        85.8407079646018,
        40.3508771929825,
        72.3076923076923,
        61.6438356164384,
        43.5064935064935,
        56.2091503267974,
        84.7826086956522,
        28.1437125748503,
        65.5172413793103,
        51.8072289156626,
        59.8837209302326,
        -11.1111111111111,
        67.4556213017751,
        93.5185185185185,
        33.3333333333333,
        124.774774774775,
        41.0505836575876,
        34.20523138833,
        49.4969818913481,
        46.2264150943396,
        41.4414414414414,
        56.3352826510721,
        14.1442715700141,
        41.0619469026549,
        23.9530988274707,
        26.5923566878981,
        26.5676567656766,
        39.6875,
        28.1045751633987,
        49.2277992277992,
        100.536193029491,
        24.6644295302013,
        108.304498269896,
        48.80174291939,
        77.8012684989429,
        42.0432220039293,
        64.5833333333333,
        41.3284132841328,
        41.8032786885246,
        79.1208791208791,
        51.3725490196078,
        5.40540540540539,
        40.9615384615385,
        34.5637583892617,
        40.4040404040404,
        18.1651376146789,
        33.3951762523191,
        117.275747508306,
        53.6480686695279
      ],
      "mode": "line",
      "color": [
        "England (excl. Ldn)",
        "England (excl. Ldn)",
        "England (excl. Ldn)",
        "England (excl. Ldn)",
        "England (excl. Ldn)",
        "England (excl. Ldn)",
        "England (excl. Ldn)",
        "England (excl. Ldn)",
        "England (excl. Ldn)",
        "England (excl. Ldn)",
        "England (excl. Ldn)",
        "England (excl. Ldn)",
        "England (excl. Ldn)",
        "England (excl. Ldn)",
        "England (excl. Ldn)",
        "England (excl. Ldn)",
        "England (excl. Ldn)",
        "Northern Ireland",
        "Northern Ireland",
        "Northern Ireland",
        "Northern Ireland",
        "Northern Ireland",
        "Northern Ireland",
        "Northern Ireland",
        "Northern Ireland",
        "Northern Ireland",
        "Northern Ireland",
        "Northern Ireland",
        "Northern Ireland",
        "Northern Ireland",
        "Northern Ireland",
        "Northern Ireland",
        "Northern Ireland",
        "Northern Ireland",
        "Scotland",
        "Scotland",
        "Scotland",
        "Scotland",
        "Scotland",
        "Scotland",
        "Scotland",
        "Scotland",
        "Scotland",
        "Scotland",
        "Scotland",
        "Scotland",
        "Scotland",
        "Scotland",
        "Scotland",
        "Scotland",
        "Scotland",
        "Wales",
        "Wales",
        "Wales",
        "Wales",
        "Wales",
        "Wales",
        "Wales",
        "Wales",
        "Wales",
        "Wales",
        "Wales",
        "Wales",
        "Wales",
        "Wales",
        "Wales",
        "Wales",
        "Wales"
      ],
      "alpha": 0.5,
      "alpha_stroke": 1,
      "sizes": [
        10,
        100
      ],
      "spans": [
        1,
        20
      ],
      "type": "scatter"
    },
    "46b4319f3a0.1": {
      "x": [
        1,
        2,
        3,
        4,
        5,
        6,
        7,
        8,
        9,
        10,
        11,
        12,
        13,
        14,
        15,
        16,
        17
      ],
      "y": [
        196.811120196239,
        114.699683877766,
        116.45633518425,
        102.968369829684,
        123.776595744681,
        97.2185430463576,
        99.3350383631713,
        128.136293236964,
        135.222868217054,
        89.4831460674157,
        96.3245823389022,
        97.6775956284153,
        97.8758850478967,
        76.8930141670738,
        76.3679619349722,
        212.173263629574,
        120.579567779961
      ],
      "mode": "lines + markers",
      "color": [
        "London",
        "London",
        "London",
        "London",
        "London",
        "London",
        "London",
        "London",
        "London",
        "London",
        "London",
        "London",
        "London",
        "London",
        "London",
        "London",
        "London"
      ],
      "alpha": 0.5,
      "alpha_stroke": 1,
      "sizes": [
        10,
        100
      ],
      "spans": [
        1,
        20
      ],
      "type": "scatter",
      "name": "London",
      "inherit": true
    }
  },
  "layout": {
    "margin": {
      "b": 40,
      "l": 60,
      "t": 25,
      "r": 10
    },
    "title": {
      "text": "Change of company registrations in April by Country<br><sup>(Same week of reference in 2019)</sup>"
    },
    "xaxis": {
      "domain": [
        0,
        1
      ],
      "automargin": true,
      "title": "Weeks",
      "showgrid": false
    },
    "yaxis": {
      "domain": [
        0,
        1
      ],
      "automargin": true,
      "title": "% change",
      "showgrid": false
    },
    "hovermode": "closest",
    "showlegend": true
  },
  "source": "A",
  "config": {
    "showSendToCloud": false
  },
  "data": [
    {
      "x": [
        1,
        2,
        3,
        4,
        5,
        6,
        7,
        8,
        9,
        10,
        11,
        12,
        13,
        14,
        15,
        16,
        17
      ],
      "y": [
        98.5014538134646,
        56.0895029283676,
        54.6629603891591,
        37.0201096892139,
        54.9695740365111,
        46.1921535284829,
        37.69325489123,
        56.8047337278106,
        70.0454840805718,
        27.2895253493475,
        36.3669021674051,
        37.4494408755651,
        40.3565821933169,
        21.592039800995,
        23.7268651569146,
        90.2653101934969,
        43.2780082987552
      ],
      "mode": "line",
      "type": "scatter",
      "name": "England (excl. Ldn)",
      "marker": {
        "color": "rgba(102,194,165,0.5)",
        "line": {
          "color": "rgba(102,194,165,1)"
        }
      },
      "textfont": {
        "color": "rgba(102,194,165,0.5)"
      },
      "error_y": {
        "color": "rgba(102,194,165,0.5)"
      },
      "error_x": {
        "color": "rgba(102,194,165,0.5)"
      },
      "line": {
        "color": "rgba(102,194,165,0.5)"
      },
      "xaxis": "x",
      "yaxis": "y",
      "frame": null
    },
    {
      "x": [
        1,
        2,
        3,
        4,
        5,
        6,
        7,
        8,
        9,
        10,
        11,
        12,
        13,
        14,
        15,
        16,
        17
      ],